{"cameraMode":{"drawMode":0,"name":"Shaded","section":"Shading Mode"},"sceneLighting":true,"audioPlay":false,"sceneViewState":{"m_AlwaysRefresh":false,"showFog":true,"showSkybox":true,"showFlares":true,"showImageEffects":true,"showParticleSystems":true,"showVisualEffectGraphs":true,"m_FxEnabled":true},"in2DMode":false,"pivot":{"x":0.1648697555065155,"y":-0.28008532524108889,"z":16.447418212890626},"rotation":{"x":-0.028806721791625024,"y":-0.002400436205789447,"z":0.00010282180301146582,"w":-0.9996258020401001},"size":9.101781845092774,"orthographic":false}